mean_difference,statistical_parity_difference,disparate_impact,n_privileged,n_unprivileged,mean_label_privileged,mean_label_unprivileged,name,icl_records
0.06973707546199058,0.06973707546199058,1.9578946208809391,32650,16192,0.07280245022970903,0.14253952569169961,Real,
0.4906419691832741,0.4906419691832741,2.489041325079471,261,139,0.32950191570881227,0.8201438848920863,Clean,10.0
0.6191950464396285,0.6191950464396285,3.3529411764705883,247,153,0.2631578947368421,0.8823529411764706,Clean,20.0
0.4489519945909398,0.4489519945909398,2.331194867682438,255,145,0.33725490196078434,0.7862068965517242,Clean,40.0
0.5558149405772495,0.5558149405772495,2.9414381022979983,248,152,0.2862903225806452,0.8421052631578947,Clean,80.0
0.40469934462867324,0.40469934462867324,2.0604621715732825,283,117,0.38162544169611307,0.7863247863247863,Clean,100.0
